KEY	EN
passive.lvl.Strength	Damage +{0}%
passive.lvl.Health	Max health +{0}
passive.lvl.Knowledge	Experience gain +{0}%
passive.lvl.Assassinate	Critical chance +{0}%
passive.lvl.Refresh	Cooldown reset chance +{0}%
passive.lvl.Defense	Damage taken -{0}%
passive.lvl.Accel	All skill cooldowns -{0}%
passive.acq.Strength	Damage +{0}%
passive.acq.Health	Max health +{0}
passive.acq.Knowledge	Experience gain +{0}%
passive.acq.Assassinate	All damage has a {0}% chance to deal triple damage
passive.acq.Refresh	{0}% chance to reset cooldowns on skill use
passive.acq.Defense	Damage taken -{0}%
passive.acq.Accel	All skill cooldowns -{0}%
passive.cur.Strength.dmg	Total damage +{0}%
passive.cur.Strength.qfallback	Q skill
passive.cur.Strength.q	Q ({0}) damage +{1}%
passive.cur.Health.max	Max health {0}
passive.cur.Health.heartDrop	Health pickup drop rate x{0}
passive.cur.Knowledge.xp	Experience gain +{0}%
passive.cur.Knowledge.treasure	Blueberries have a {0}% chance to appear as treasure chests
passive.cur.Knowledge.homingXp	Experience x{0} on Homing Missile kills
passive.cur.Assassinate.chance	Critical chance {0}%
passive.cur.Assassinate.mult	Critical damage x{0}
passive.cur.Assassinate.critCap	Critical chance cap {0}%
passive.cur.Assassinate.killXp	Experience x{0} on critical kills
passive.cur.Refresh.reset	{0}% chance to reset cooldowns on skill use
passive.cur.Refresh.heal	Restore {0} health on every reset
passive.cur.Refresh.buffCd	Buff skill (Buckshot / Lightning) cooldowns -{0}%
passive.cur.Refresh.lightningCd	{0}% chance on lightning strike to cut all cooldowns by 0.5s
passive.cur.Defense.reduce	Damage taken -{0}%
passive.cur.Defense.autoSwing	Auto-cast Swing when hit ({0}% damage)
passive.cur.Defense.retaliate	Reflect {0}% of damage taken to all enemies
passive.cur.Accel.cd	All skill cooldowns -{0}%
passive.cur.Accel.cutOnHit	All cooldowns -{0}s when hit
step.Damage.mul	Damage +{0}%
step.Damage.add	Damage +{0}
step.Cooldown.mul	Cooldown -{0}%
step.Cooldown.add	Cooldown -{0}s
step.ProjectileSpeed	Projectile speed +{0}%
step.Pierce	Pierce +{0}
step.ProjectileCount	Projectiles +{0}
step.ProjectileCount.arrowrain	Arrow Rain waves +{0}
step.ProcChance	Trigger chance +{0}%
step.Duration	Duration +{0}s
step.Scale	Size +{0}%
step.RewindAmount	Rewind time +{0}s
step.TickRate	Hits {0}% faster
step.MaxTargets.orb	Pierce targets +{0}
step.MaxTargets	Simultaneous targets +{0}
step.MaxTargets.homingOrb	Seeking Orbs +{0}
step.ProjectileCount.sniping	Shots per target +{0}
step.ProjectileCount.eagle	Drops +{0}
step.TickRate.eagle	Drop interval {0}% shorter
step.Duration.deferred	Duration +{0}s (applies after evolving)
step.Scale.cloud	Cloud size +{0}%
step.Scale.cloudExplosion	Cloud & explosion size +{0}%
step.Scale.explosion	Explosion radius +{0}%
step.Scale.eagleRain	Eagle size +{0}%
step.Scale.lightningRod	Lightning Rod radius +{0}%
ui.badge.active	ACTIVE
ui.badge.passive	PASSIVE
ui.levelup.evoHeader	Evolve!
ui.levelup.evoFallbackHeader	Nothing to evolve — level up instead
ui.levelup.treasureHeader	Treasure found!!
ui.levelup.reroll	Reroll
ui.levelup.rerollLeft	{0} left
ui.levelup.tagNew	NEW!
ui.levelup.tagEvolve	EVOLVE!
ui.levelup.level	Level: {0}
ui.levelup.essenceTitle	Gain Essence
ui.levelup.essenceDesc	Essence +{0}
ui.levelup.evoStage	Evolution {0}
ui.levelup.levelRange	Level: {0} → {1}
ui.levelup.instantLevels	+{0} levels instantly
ui.levelup.routeChoice	Choose a path: {0}
ui.treasure.boxTitle	Treasure Chest
ui.treasure.boxDesc	1–5 random skill level-ups
ui.treasure.evoTitle	Evolve
ui.treasure.evoCount	EVOLVE! {0} available
ui.treasure.evoDesc	Pick one skill to evolve
ui.evotree.header	{0} Evolution — Lv.{1}
ui.evotree.allDone	Fully evolved
ui.evotree.pickRoute	Choose one path — you cannot change it later
ui.evotree.continueRoute	Continuing the path you chose for Evolution 1
ui.evotree.abandoned	[PATH NOT TAKEN]
ui.evotree.lockedPrereq	[LOCKED — needs '{0}']
ui.evotree.lockedKey	[LOCKED — evolve '{0}' first]
ui.evotree.locked	[LOCKED]
ui.essence	{0} Essence
ui.tree.cost	{0} Essence
ui.tree.clickUnlock	  > click to unlock
ui.tree.maxed	(MAX)
ui.tree.unlocked	Unlocked
ui.tree.next	  · next {0} Essence
ui.tree.click	  > click
ui.difficulty.0	Easy
ui.difficulty.1	Normal
ui.difficulty.2	Hard
ui.difficulty.plus	{0} +{1}
ui.ascension.base	Base difficulty
ui.ascension.stats	Enemy health +{0}   Move speed +{1}   Damage +{2}
ui.ascension.essence	Essence gain +{0}
ui.ascension.nextUnlock	Clear this to unlock the next difficulty
ui.pause.title	Paused
ui.pause.giveUp	Return to Title
ui.pause.hint	ESC — Resume
ui.pause.activeHeader	ACTIVE
ui.pause.passiveHeader	PASSIVE
ui.result.other	Other
ui.result.earned	Essence earned: {0}
ui.result.total	Total damage: {0}
ui.result.gameOver	GAME OVER
ui.result.gameClear	GAME CLEAR
ui.hud.stage	Stage {0}/{1}
ui.hud.stageBanner	STAGE {0}
ui.hud.levelSuffix	{0} LV
unlock.essence	Essence {0} / {1}
unlock.clearMap	Clear {0} on {1}
ui.levelup.header	Level Up!
ui.title.play	Play
ui.title.upgrade	Upgrades
ui.title.collection	Collection
ui.title.quit	Quit
ui.tree.title	Skill Tree
ui.charselect.title	Character
ui.mapselect.title	Map
ui.mapselect.locked	Locked
ui.mapselect.changeChar	Change Character
ui.common.close	Close
ui.common.back	Back
ui.common.select	Select
ui.result.toTitle	To Title
ui.result.retry	Retry
ui.result.upgrade	Upgrades
ui.treasure.header	Treasure!
ui.treasure.continue	Click to continue
ui.collection.title	Collection
ui.collection.progress	Found {0} / {1}
ui.collection.active	Active
ui.collection.passive	Passive
ui.collection.unknown	???
ui.collection.hint	You have not met this skill yet
ui.collection.route	Path {0}
ui.collection.prereq	{0} Synergy
ui.collection.notFound	This evolution is still unseen
ui.levelup.evoHint	Evolves at Lv.{0} · Synergy: {1}
ui.levelup.evoHintNone	None
ui.evotree.sealed	???
ui.evotree.sealedDesc	[LOCKED — unlock in skill tree]
step.VolleyCount	Volleys +{0}
ui.evotree.prereq	[Synergy: '{0}']
ui.evotree.keyPrereq	[Synergy: '{0}' evolved]
ui.credits.title	Credits
credits.dev	Design & Development
credits.art	Art
credits.thanks	Special Thanks
credits.playerThanks	Thank you for playing!
ending.intro	Here stands the union of every blueberry...
ending.story1	You have defeated the union of every blueberry,
ending.story2	and saved the world from the blueberry invasion!
ending.cleared	Game Cleared!
ui.evotree.title	Skill Evolution
tutorial.skills	Use Q, W, E, R to cast skills\nand sweep away the swarming blueberries!
tutorial.evolution	You can now evolve skills!\nRaise a skill to Lv.10 and own its Synergy skill\nto evolve it into something stronger.
